id,target
cast_def_0_335.jpeg,0
cast_def_0_323.jpeg,0
cast_def_0_61.jpeg,0
cast_def_0_163.jpeg,0
cast_def_0_175.jpeg,0
cast_def_0_319.jpeg,0
cast_def_0_122.jpeg,0
cast_def_0_98.jpeg,0
cast_def_0_339.jpeg,0
cast_def_0_0.jpeg,0
cast_def_0_41.jpeg,0
cast_def_0_211.jpeg,0
cast_def_0_354.jpeg,0
cast_def_0_82.jpeg,0
cast_def_0_315.jpeg,0
cast_def_0_196.jpeg,0
cast_def_0_207.jpeg,0
cast_def_0_95.jpeg,0
cast_def_0_197.jpeg,0
cast_def_0_314.jpeg,0
cast_def_0_355.jpeg,0
cast_def_0_40.jpeg,0
cast_def_0_103.jpeg,0
cast_def_0_56.jpeg,0
cast_def_0_99.jpeg,0
cast_def_0_21.jpeg,0
cast_def_0_60.jpeg,0
cast_def_0_359.jpeg,0
cast_def_0_135.jpeg,0
cast_def_0_363.jpeg,0
cast_def_0_51.jpeg,0
cast_def_0_186.jpeg,0
cast_def_0_313.jpeg,0
cast_def_0_92.jpeg,0
cast_def_0_333.jpeg,0
cast_def_0_372.jpeg,0
cast_def_0_88.jpeg,0
cast_def_0_26.jpeg,0
cast_def_0_348.jpeg,0
cast_def_0_70.jpeg,0
cast_def_0_27.jpeg,0
cast_def_0_31.jpeg,0
cast_def_0_308.jpeg,0
cast_def_0_66.jpeg,0
cast_def_0_89.jpeg,0
cast_def_0_133.jpeg,0
cast_def_0_324.jpeg,0
cast_def_0_148.jpeg,0
cast_def_0_109.jpeg,0
cast_def_0_200.jpeg,0
cast_def_0_191.jpeg,0
cast_def_0_304.jpeg,0
cast_def_0_11.jpeg,0
cast_def_0_105.jpeg,0
cast_def_0_50.jpeg,0
cast_def_0_203.jpeg,0
cast_def_0_192.jpeg,0
cast_def_0_350.jpeg,0
cast_def_0_69.jpeg,0
cast_def_0_215.jpeg,0
cast_def_0_110.jpeg,0
cast_def_0_53.jpeg,0
cast_def_0_126.jpeg,0
cast_def_0_24.jpeg,0
cast_def_0_130.jpeg,0
cast_def_0_327.jpeg,0
cast_def_0_8.jpeg,0
cast_def_0_331.jpeg,0
cast_def_0_330.jpeg,0
cast_def_0_9.jpeg,0
cast_def_0_131.jpeg,0
cast_def_0_33.jpeg,0
cast_def_0_25.jpeg,0
cast_def_0_107.jpeg,0
cast_def_0_13.jpeg,0
cast_def_0_68.jpeg,0
cast_def_0_310.jpeg,0
cast_def_0_193.jpeg,0
cast_def_0_91.jpeg,0
cast_def_0_347.jpeg,0
cast_def_0_120.jpeg,0
cast_def_0_136.jpeg,0
cast_def_0_321.jpeg,0
cast_def_0_360.jpeg,0
cast_def_0_337.jpeg,0
cast_def_0_194.jpeg,0
cast_def_0_317.jpeg,0
cast_def_0_116.jpeg,0
cast_def_0_43.jpeg,0
cast_def_0_2.jpeg,0
cast_def_0_55.jpeg,0
cast_def_0_54.jpeg,0
cast_def_0_15.jpeg,0
cast_def_0_81.jpeg,0
cast_def_0_357.jpeg,0
cast_def_0_97.jpeg,0
cast_def_0_204.jpeg,0
cast_def_0_19.jpeg,0
cast_def_0_320.jpeg,0
cast_def_0_74.jpeg,0
cast_def_0_2378.jpeg,0
cast_def_0_2401.jpeg,0
cast_def_0_2505.jpeg,0
cast_def_0_2381.jpeg,0
cast_def_0_2460.jpeg,0
cast_def_0_2437.jpeg,0
cast_def_0_2499.jpeg,0
cast_def_0_2441.jpeg,0
cast_def_0_2504.jpeg,0
cast_def_0_2457.jpeg,0
cast_def_0_2400.jpeg,0
cast_def_0_2482.jpeg,0
cast_def_0_2523.jpeg,0
cast_def_0_2489.jpeg,0
cast_def_0_2431.jpeg,0
cast_def_0_2470.jpeg,0
cast_def_0_2519.jpeg,0
cast_def_0_2391.jpeg,0
cast_def_0_2407.jpeg,0
cast_def_0_2411.jpeg,0
cast_def_0_2390.jpeg,0
cast_def_0_2518.jpeg,0
cast_def_0_2471.jpeg,0
cast_def_0_2426.jpeg,0
cast_def_0_2522.jpeg,0
cast_def_0_2467.jpeg,0
cast_def_0_2389.jpeg,0
cast_def_0_2409.jpeg,0
cast_def_0_2425.jpeg,0
cast_def_0_2433.jpeg,0
cast_def_0_2385.jpeg,0
cast_def_0_2501.jpeg,0
cast_def_0_2405.jpeg,0
cast_def_0_2491.jpeg,0
cast_def_0_2469.jpeg,0
cast_def_0_2490.jpeg,0
cast_def_0_2404.jpeg,0
cast_def_0_2500.jpeg,0
cast_def_0_2384.jpeg,0
cast_def_0_2432.jpeg,0
cast_def_0_2415.jpeg,0
cast_def_0_2383.jpeg,0
cast_def_0_2403.jpeg,0
cast_def_0_2478.jpeg,0
cast_def_0_2474.jpeg,0
cast_def_0_2435.jpeg,0
cast_def_0_2527.jpeg,0
cast_def_0_2526.jpeg,0
cast_def_0_2434.jpeg,0
cast_def_0_2506.jpeg,0
cast_ok_0_369.jpeg,1
cast_ok_0_294.jpeg,1
cast_ok_0_152.jpeg,1
cast_ok_0_345.jpeg,1
cast_ok_0_191.jpeg,1
cast_ok_0_220.jpeg,1
cast_ok_0_298.jpeg,1
cast_ok_0_430.jpeg,1
cast_ok_0_349.jpeg,1
cast_ok_0_467.jpeg,1
cast_ok_0_426.jpeg,1
cast_ok_0_427.jpeg,1
cast_ok_0_466.jpeg,1
cast_ok_0_364.jpeg,1
cast_ok_0_149.jpeg,1
cast_ok_0_186.jpeg,1
cast_ok_0_169.jpeg,1
cast_ok_0_313.jpeg,1
cast_ok_0_153.jpeg,1
cast_ok_0_411.jpeg,1
cast_ok_0_407.jpeg,1
cast_ok_0_450.jpeg,1
cast_ok_0_322.jpeg,1
cast_ok_0_271.jpeg,1
cast_ok_0_461.jpeg,1
cast_ok_0_420.jpeg,1
cast_ok_0_284.jpeg,1
cast_ok_0_379.jpeg,1
cast_ok_0_154.jpeg,1
cast_ok_0_302.jpeg,1
cast_ok_0_355.jpeg,1
cast_ok_0_211.jpeg,1
cast_ok_0_196.jpeg,1
cast_ok_0_250.jpeg,1
cast_ok_0_440.jpeg,1
cast_ok_0_339.jpeg,1
cast_ok_0_381.jpeg,1
cast_ok_0_397.jpeg,1
cast_ok_0_421.jpeg,1
cast_ok_0_460.jpeg,1
cast_ok_0_175.jpeg,1
cast_ok_0_362.jpeg,1
cast_ok_0_266.jpeg,1
cast_ok_0_249.jpeg,1
cast_ok_0_463.jpeg,1
cast_ok_0_434.jpeg,1
cast_ok_0_273.jpeg,1
cast_ok_0_361.jpeg,1
cast_ok_0_418.jpeg,1
cast_ok_0_398.jpeg,1
cast_ok_0_357.jpeg,1
cast_ok_0_300.jpeg,1
cast_ok_0_316.jpeg,1
cast_ok_0_402.jpeg,1
cast_ok_0_269.jpeg,1
cast_ok_0_286.jpeg,1
cast_ok_0_454.jpeg,1
cast_ok_0_415.jpeg,1
cast_ok_0_157.jpeg,1
cast_ok_0_205.jpeg,1
cast_ok_0_244.jpeg,1
cast_ok_0_182.jpeg,1
cast_ok_0_213.jpeg,1
cast_ok_0_233.jpeg,1
cast_ok_0_376.jpeg,1
cast_ok_0_360.jpeg,1
cast_ok_0_435.jpeg,1
cast_ok_0_198.jpeg,1
cast_ok_0_248.jpeg,1
cast_ok_0_193.jpeg,1
cast_ok_0_296.jpeg,1
cast_ok_0_392.jpeg,1
cast_ok_0_424.jpeg,1
cast_ok_0_189.jpeg,1
cast_ok_0_170.jpeg,1
cast_ok_0_465.jpeg,1
cast_ok_0_432.jpeg,1
cast_ok_0_367.jpeg,1
cast_ok_0_263.jpeg,1
cast_ok_0_262.jpeg,1
cast_ok_0_327.jpeg,1
cast_ok_0_370.jpeg,1
cast_ok_0_331.jpeg,1
cast_ok_0_171.jpeg,1
cast_ok_0_167.jpeg,1
cast_ok_0_188.jpeg,1
cast_ok_0_472.jpeg,1
cast_ok_0_425.jpeg,1
cast_ok_0_452.jpeg,1
cast_ok_0_147.jpeg,1
cast_ok_0_239.jpeg,1
cast_ok_0_405.jpeg,1
cast_ok_0_413.jpeg,1
cast_ok_0_278.jpeg,1
cast_ok_0_444.jpeg,1
cast_ok_0_346.jpeg,1
cast_ok_0_307.jpeg,1
cast_ok_0_242.jpeg,1
cast_ok_0_184.jpeg,1
cast_ok_0_350.jpeg,1
